{
  "rules": {
    ".read": "auth != null",
    ".write": "auth != null",
    "users": {
      "$uid": {
        ".read": "$uid === auth.uid",
        ".write": "$uid === auth.uid",
        ".validate": "newData.hasChildren(['name', 'email', 'createdAt'])"
      }
    },
    "reviews": {
      ".read": true,
      ".write": "auth != null",
      "$reviewId": {
        ".validate": "newData.hasChildren(['title', 'rating', 'review', 'authorId', 'authorName', 'createdAt'])",
        "title": {
          ".validate": "newData.isString() && newData.val().length > 0"
        },
        "genre": {
          ".validate": "newData.isString()"
        },
        "rating": {
          ".validate": "newData.isNumber() && newData.val() >= 1 && newData.val() <= 10"
        },
        "review": {
          ".validate": "newData.isString() && newData.val().length > 0"
        },
        "image": {
          ".validate": "newData.isString()"
        },
        "authorId": {
          ".validate": "newData.val() === auth.uid"
        },
        "authorName": {
          ".validate": "newData.isString()"
        },
        "createdAt": {
          ".validate": "newData.val() === now"
        },
        "comments": {
          "$commentId": {
            ".validate": "newData.hasChildren(['text', 'authorId', 'authorName', 'createdAt'])",
            "text": {
              ".validate": "newData.isString() && newData.val().length > 0"
            },
            "authorId": {
              ".validate": "newData.val() === auth.uid"
            },
            "authorName": {
              ".validate": "newData.isString()"
            },
            "createdAt": {
              ".validate": "newData.val() === now"
            }
          }
        }
      }
    }
  }
} 